modelo,repeticao,dobra,precisao,recall,f1,auc_roc,auc_pr
LR,0,0,0.07491082045184304,0.9130434782608695,0.13846153846153847,0.9900829280867555,0.8259960100878976
LR,0,1,0.07729468599033816,0.927536231884058,0.1426978818283166,0.9740895241757074,0.7047080582415166
LR,0,2,0.0672182006204757,0.9420289855072463,0.12548262548262548,0.9889685910235516,0.7819468123679949
LR,0,3,0.0669500531349628,0.9130434782608695,0.12475247524752474,0.9883394211345738,0.8009460620614487
LR,0,4,0.06314699792960662,0.8970588235294118,0.11798839458413926,0.9692988289678247,0.7167736740963524
LR,1,0,0.07068366164542295,0.8840579710144928,0.13090128755364808,0.9697785453067858,0.7849255541878079
LR,1,1,0.07627118644067797,0.9130434782608695,0.14078212290502795,0.9905868465626497,0.7408096473361339
LR,1,2,0.06585612968591692,0.9420289855072463,0.12310606060606058,0.9795381426963133,0.7683248354202524
LR,1,3,0.06927374301675977,0.8985507246376812,0.12863070539419086,0.9824640739624158,0.7553716408461381
LR,1,4,0.07087486157253599,0.9411764705882353,0.13182286302780635,0.9746600253004428,0.7656408551844441
LR,2,0,0.07788944723618091,0.8985507246376812,0.14335260115606938,0.974165803742687,0.7618416646333394
LR,2,1,0.06700507614213198,0.9565217391304348,0.12523719165085392,0.9856434208782455,0.8331691252927171
LR,2,2,0.06701030927835051,0.9420289855072463,0.12512030798845042,0.9813553804948596,0.8423995536683713
LR,2,3,0.07101947308132875,0.8985507246376812,0.13163481953290873,0.9788785702114274,0.7065223165379758
LR,2,4,0.06884875846501129,0.8970588235294118,0.1278825995807128,0.975986007909344,0.6826551988036759
DT,0,0,0.18566775244299674,0.8260869565217391,0.30319148936170215,0.9124079365703542,0.7735086214893192
DT,0,1,0.13942307692307693,0.8405797101449275,0.23917525773195877,0.9194556952254452,0.7678602440477265
DT,0,2,0.17846153846153845,0.8405797101449275,0.2944162436548223,0.9194982952700115,0.7284031958896063
DT,0,3,0.19032258064516128,0.855072463768116,0.3113456464379947,0.9269999082460579,0.7924100719888648
DT,0,4,0.1903114186851211,0.8088235294117647,0.30812324929971985,0.9037343645628285,0.6981828915206727
DT,1,0,0.1787878787878788,0.855072463768116,0.29573934837092736,0.9268302362736831,0.7805377895881462
DT,1,1,0.1676300578034682,0.8405797101449275,0.27951807228915665,0.9195006619391541,0.7270898346139313
DT,1,2,0.1631578947368421,0.8985507246376812,0.2761692650334076,0.9486407308856877,0.803848950905155
DT,1,3,0.18305084745762712,0.782608695652174,0.2967032967032967,0.890525895729655,0.7289791294053387
DT,1,4,0.18493150684931506,0.7941176470588235,0.3,0.8962766822134339,0.6722534342542321
DT,2,0,0.17575757575757575,0.8405797101449275,0.2907268170426065,0.9195856799768138,0.7205681347193547
DT,2,1,0.19254658385093168,0.8985507246376812,0.3171355498721227,0.948793654122592,0.8074684785912558
DT,2,2,0.15384615384615385,0.8695652173913043,0.26143790849673204,0.934189302946758,0.8069890206518919
DT,2,3,0.20802919708029197,0.8260869565217391,0.33236151603498537,0.9121417773175516,0.6833224478608414
DT,2,4,0.13451776649746192,0.7794117647058824,0.2294372294372294,0.888648864731301,0.7068848601111207
RF,0,0,0.9491525423728814,0.8115942028985508,0.8749999999999999,0.9617822984799431,0.8694039137030984
RF,0,1,0.9137931034482759,0.7681159420289855,0.8346456692913387,0.9683414309828303,0.8413698791679355
RF,0,2,0.890625,0.8260869565217391,0.8571428571428571,0.9620167807765296,0.8652881392295658
RF,0,3,0.8615384615384616,0.8115942028985508,0.835820895522388,0.968952213673085,0.849231044881783
RF,0,4,0.9137931034482759,0.7794117647058824,0.8412698412698414,0.9533990450265123,0.8271596612864683
RF,1,0,0.9354838709677419,0.8405797101449275,0.8854961832061068,0.9687224647147835,0.869898567613886
RF,1,1,0.9310344827586207,0.782608695652174,0.8503937007874016,0.9538548671097072,0.8262454668532601
RF,1,2,0.8923076923076924,0.8405797101449275,0.8656716417910447,0.9693241448314129,0.85762921195493
RF,1,3,0.9298245614035088,0.7681159420289855,0.8412698412698412,0.924816929039249,0.8126636874139948
RF,1,4,0.9016393442622951,0.8088235294117647,0.8527131782945736,0.9461094657941561,0.8303284868721815
RF,2,0,0.95,0.8260869565217391,0.8837209302325583,0.9542795931950616,0.8568160911526383
RF,2,1,0.9104477611940298,0.8840579710144928,0.8970588235294118,0.9690110162987042,0.8827290214871639
RF,2,2,0.9508196721311475,0.8405797101449275,0.8923076923076922,0.9623158913458556,0.9013768891256679
RF,2,3,0.864406779661017,0.7391304347826086,0.796875,0.9391966286980116,0.7990017142820695
RF,2,4,0.8928571428571429,0.7352941176470589,0.806451612903226,0.9535568033363481,0.8116535310897246
