modelo,C,auc_pr_media,auc_pr_dp,max_depth,min_samples_leaf
LR,0.001,0.762981845373659,0.016250593713851656,,
LR,0.01,0.7637288880359304,0.017387474167133064,,
LR,0.1,0.7629645503291739,0.016436899059283794,,
LR,1,0.7694311409275721,0.01283339894888068,,
LR,10,0.770531078866374,0.011934842652654208,,
DT,,0.24671619613751752,0.21005373339453126,4,1
DT,,0.24684922680149435,0.20992338187075815,4,10
DT,,0.24548147959829184,0.2076747008025337,4,50
DT,,0.5467956584009421,0.024571883747479928,6,1
DT,,0.5570075987063424,0.014781743571473441,6,10
DT,,0.6519334058950156,0.06795022120569791,6,50
DT,,0.5677341677546565,0.03703102824214497,8,1
DT,,0.6734148853634433,0.028585241658793573,8,10
DT,,0.7446171102947406,0.022293802417546423,8,50
DT,,0.5548483960724699,0.02753867769828193,12,1
DT,,0.7538897459409594,0.02859364378060883,12,10
DT,,0.7582459996782726,0.024896974368685952,12,50
DT,,0.5347433746339981,0.011868663380410914,None,1
DT,,0.7482644704329774,0.02893843704688852,None,10
DT,,0.7582459996782726,0.024896974368685952,None,50
RF,,0.8275323825366824,0.012858034245076814,10,1
RF,,0.8296258713674725,0.009428024268729324,10,5
RF,,0.8459390301365142,0.009034294230004847,None,1
RF,,0.8352548775419967,0.007901778435322719,None,5
