regime,piso,escolhido,modelo,viavel,limiar,oof_recall,oof_f1,teste_precisao,teste_recall,teste_f1,teste_fp,teste_tp
limiar_0_5,0.6,False,LR,True,0.5,0.9176356589147286,0.13009135242805137,0.06725297465080186,0.8783783783783784,0.12493993272465162,1803,130
limiar_0_5,0.6,False,DT,True,0.5,0.8372093023255814,0.2864721485411141,0.1853582554517134,0.8040540540540541,0.3012658227848101,523,119
limiar_0_5,0.6,True,RF,True,0.5,0.8042635658914729,0.854788877445932,0.9098360655737705,0.75,0.8222222222222222,11,111
limiar_0_5,0.7,False,LR,True,0.5,0.9176356589147286,0.13009135242805137,0.06725297465080186,0.8783783783783784,0.12493993272465162,1803,130
limiar_0_5,0.7,False,DT,True,0.5,0.8372093023255814,0.2864721485411141,0.1853582554517134,0.8040540540540541,0.3012658227848101,523,119
limiar_0_5,0.7,True,RF,True,0.5,0.8042635658914729,0.854788877445932,0.9098360655737705,0.75,0.8222222222222222,11,111
limiar_0_5,0.75,False,LR,True,0.5,0.9176356589147286,0.13009135242805137,0.06725297465080186,0.8783783783783784,0.12493993272465162,1803,130
limiar_0_5,0.75,False,DT,True,0.5,0.8372093023255814,0.2864721485411141,0.1853582554517134,0.8040540540540541,0.3012658227848101,523,119
limiar_0_5,0.75,True,RF,True,0.5,0.8042635658914729,0.854788877445932,0.9098360655737705,0.75,0.8222222222222222,11,111
limiar_0_5,0.8,False,LR,True,0.5,0.9176356589147286,0.13009135242805137,0.06725297465080186,0.8783783783783784,0.12493993272465162,1803,130
limiar_0_5,0.8,False,DT,True,0.5,0.8372093023255814,0.2864721485411141,0.1853582554517134,0.8040540540540541,0.3012658227848101,523,119
limiar_0_5,0.8,True,RF,True,0.5,0.8042635658914729,0.854788877445932,0.9098360655737705,0.75,0.8222222222222222,11,111
limiar_0_5,0.85,True,LR,True,0.5,0.9176356589147286,0.13009135242805137,0.06725297465080186,0.8783783783783784,0.12493993272465162,1803,130
limiar_0_5,0.85,False,DT,False,0.5,0.8372093023255814,0.2864721485411141,0.1853582554517134,0.8040540540540541,0.3012658227848101,523,119
limiar_0_5,0.85,False,RF,False,0.5,0.8042635658914729,0.854788877445932,0.9098360655737705,0.75,0.8222222222222222,11,111
limiar_0_5,0.9,True,LR,True,0.5,0.9176356589147286,0.13009135242805137,0.06725297465080186,0.8783783783783784,0.12493993272465162,1803,130
limiar_0_5,0.9,False,DT,False,0.5,0.8372093023255814,0.2864721485411141,0.1853582554517134,0.8040540540540541,0.3012658227848101,523,119
limiar_0_5,0.9,False,RF,False,0.5,0.8042635658914729,0.854788877445932,0.9098360655737705,0.75,0.8222222222222222,11,111
limiar_ajustado,0.6,False,LR,True,0.9999999425853918,0.7848837209302325,0.8235892221657346,0.8625954198473282,0.7635135135135135,0.8100358422939068,18,113
limiar_ajustado,0.6,False,DT,True,0.998132346864198,0.7703488372093024,0.8071065989847717,0.8372093023255814,0.7297297297297297,0.779783393501805,21,108
limiar_ajustado,0.6,True,RF,True,0.54,0.7974806201550387,0.8559542381695268,0.9478260869565217,0.7364864864864865,0.8288973384030419,6,109
limiar_ajustado,0.7,False,LR,True,0.9999999425853918,0.7848837209302325,0.8235892221657346,0.8625954198473282,0.7635135135135135,0.8100358422939068,18,113
limiar_ajustado,0.7,False,DT,True,0.998132346864198,0.7703488372093024,0.8071065989847717,0.8372093023255814,0.7297297297297297,0.779783393501805,21,108
limiar_ajustado,0.7,True,RF,True,0.54,0.7974806201550387,0.8559542381695268,0.9478260869565217,0.7364864864864865,0.8288973384030419,6,109
limiar_ajustado,0.75,False,LR,True,0.9999999425853918,0.7848837209302325,0.8235892221657346,0.8625954198473282,0.7635135135135135,0.8100358422939068,18,113
limiar_ajustado,0.75,False,DT,True,0.998132346864198,0.7703488372093024,0.8071065989847717,0.8372093023255814,0.7297297297297297,0.779783393501805,21,108
limiar_ajustado,0.75,True,RF,True,0.54,0.7974806201550387,0.8559542381695268,0.9478260869565217,0.7364864864864865,0.8288973384030419,6,109
limiar_ajustado,0.8,False,LR,True,0.9999925560672667,0.8003875968992248,0.8182268449727587,0.7945205479452054,0.7837837837837838,0.7891156462585033,30,116
limiar_ajustado,0.8,False,DT,True,0.9856359696213811,0.8013565891472868,0.6589641434262948,0.4578313253012048,0.7702702702702703,0.5743073047858942,135,114
limiar_ajustado,0.8,True,RF,True,0.4,0.8246124031007752,0.8557063851181498,0.8846153846153846,0.777027027027027,0.8273381294964028,15,115
limiar_ajustado,0.85,False,LR,True,0.9823181371532448,0.8507751937984496,0.6976559396106476,0.5727699530516432,0.8243243243243243,0.6759002770083102,91,122
limiar_ajustado,0.85,False,DT,True,0.0,1.0,0.0034450297434254007,0.0017321489179921118,1.0,0.0034583075323340075,85295,148
limiar_ajustado,0.85,True,RF,True,0.17,0.8517441860465116,0.7987278509768287,0.7225433526011561,0.8445945945945946,0.778816199376947,48,125
limiar_ajustado,0.9,True,LR,True,0.8027681426129744,0.9001937984496124,0.3063984168865435,0.18208092485549132,0.8513513513513513,0.3,566,126
limiar_ajustado,0.9,False,DT,True,0.0,1.0,0.0034450297434254007,0.0017321489179921118,1.0,0.0034583075323340075,85295,148
limiar_ajustado,0.9,False,RF,True,0.01,0.9186046511627907,0.07639616407446208,0.039556487863350316,0.8918918918918919,0.0757532281205165,3205,132
