modelo,estrategia,precisao,recall,f1,fp_medio,auc_pr,auc_pr_dp
LR,ponderação de classes,0.06985149355918534,0.918542199488491,0.12978634916641524,846.0,0.7618928527740779,0.05791147720011043
LR,sem balanceamento,0.8743731338689322,0.6453111679454391,0.7424516140676749,6.4,0.7814108457553104,0.04507389144992401
LR,undersampling,0.053711853511079356,0.9243393009377664,0.1014272559234827,1144.8,0.5996345018805325,0.18314677206232532
LR,SMOTE,0.06626917542635466,0.9214407502131288,0.12361942606805716,896.6,0.760917988543585,0.04443765907960104
DT,ponderação de classes,0.7671278240084769,0.6947570332480819,0.7288131189009185,14.6,0.5333614920328891,0.01744142375915935
DT,sem balanceamento,0.7179311211664153,0.7440323955669224,0.7290793072272537,20.4,0.5343093899702727,0.04838037446974726
DT,undersampling,0.01611124449340117,0.9301364023870418,0.03167049159390824,3934.6,0.015122441375061371,0.0017371974452696076
DT,SMOTE,0.45863155779625703,0.7848252344416027,0.5779419036748383,64.4,0.35983331973118177,0.018483399545446897
RF,ponderação de classes,0.905780442161579,0.7993606138107416,0.8487758526452851,5.8,0.8504905276537702,0.017362224305248402
RF,sem balanceamento,0.9322564475705393,0.7935208866155158,0.8570595075047537,4.0,0.8491106487027829,0.020546155203164804
RF,undersampling,0.0636204597106449,0.9098039215686274,0.11868093149261805,958.8,0.7661580316323862,0.03322056336632019
RF,SMOTE,0.8820282745487663,0.8342710997442456,0.8568378037918057,7.8,0.8427446193843757,0.021167986281597936
